Participant Number,Age,Gender,Ethnicity (simplified),Country of birth,Country of residence,Nationality,First Language
1,37,Female,White,United Kingdom,United Kingdom,United Kingdom,English
2,51,Female,White,United Kingdom,United Kingdom,United Kingdom,English
3,72,Female,White,United Kingdom,United Kingdom,United Kingdom,English
4,61,Female,White,United Kingdom,United Kingdom,United Kingdom,English
5,36,Male,Black,Nigeria,United Kingdom,Nigeria,English
6,49,Male,White,United Kingdom,United Kingdom,United Kingdom,English
7,47,Male,White,United Kingdom,United Kingdom,United Kingdom,English
8,35,Female,Mixed,Germany,United Kingdom,Germany,English
9,43,Male,White,United Kingdom,United Kingdom,United Kingdom,English
10,32,Female,Mixed,United Kingdom,United Kingdom,United Kingdom,English
11,32,Female,Asian,India,United Kingdom,India,Hindi
12,56,Female,White,United Kingdom,United Kingdom,United Kingdom,English
13,48,Female,White,United Kingdom,United Kingdom,United Kingdom,English
14,50,Male,White,United Kingdom,United Kingdom,United Kingdom,English
15,64,Female,White,United Kingdom,United Kingdom,United Kingdom,English
16,65,Male,White,United Kingdom,United Kingdom,United Kingdom,English
17,71,Male,White,United Kingdom,United Kingdom,United Kingdom,English
18,38,Female,White,United Kingdom,United Kingdom,United Kingdom,English
19,48,Female,White,United Kingdom,United Kingdom,United Kingdom,English
20,46,Male,White,United Kingdom,United Kingdom,United Kingdom,English
21,52,Female,Mixed,United Kingdom,United Kingdom,United Kingdom,English
22,60,Female,White,United States,United States,United States,English
23,48,Female,Black,Nigeria,United Kingdom,Nigeria,English
24,44,Female,White,Netherlands,United Kingdom,Netherlands,English
25,47,Male,White,United Kingdom,United Kingdom,United Kingdom,English
26,26,Male,Black,Nigeria,United Kingdom,Nigeria,English
27,62,Male,White,United Kingdom,United Kingdom,United Kingdom,English
28,62,Male,White,United Kingdom,United Kingdom,United Kingdom,English
29,52,Male,White,United Kingdom,United Kingdom,United Kingdom,English
30,54,Female,White,United Kingdom,United Kingdom,United Kingdom,English
31,50,Female,White,United Kingdom,United Kingdom,United Kingdom,English
32,35,Female,White,United Kingdom,United Kingdom,United Kingdom,English
33,63,Male,Black,Nigeria,United States,Nigeria,English
34,50,Male,White,Poland,United Kingdom,Poland,Polish
35,59,Female,White,United Kingdom,United Kingdom,United Kingdom,English
36,34,Female,White,United Kingdom,United Kingdom,United Kingdom,English
37,52,Male,White,United Kingdom,United Kingdom,United Kingdom,English
38,77,Male,White,United Kingdom,United Kingdom,United Kingdom,English
39,56,Female,White,United Kingdom,United Kingdom,United Kingdom,English
40,55,Female,NaN,United Kingdom,United Kingdom,United Kingdom,English
41,63,Female,White,United Kingdom,United Kingdom,United Kingdom,English
42,51,Male,NaN,India,United Kingdom,United Kingdom,English
43,43,Male,White,United Kingdom,United Kingdom,United Kingdom,English
44,64,Female,White,United Kingdom,United Kingdom,United Kingdom,English
45,48,Female,White,United Kingdom,United Kingdom,United Kingdom,English
46,31,Female,White,United Kingdom,United Kingdom,United Kingdom,English
47,62,Female,White,Malawi,United Kingdom,United Kingdom,English
48,52,Female,White,United Kingdom,United Kingdom,United Kingdom,English
49,52,Male,White,United Kingdom,United Kingdom,United Kingdom,English
50,38,Female,White,United Kingdom,United Kingdom,United Kingdom,English
51,40,Male,White,United Kingdom,United Kingdom,United Kingdom,English
52,42,Male,White,United Kingdom,United Kingdom,United Kingdom,English
53,32,Male,White,United Kingdom,United Kingdom,United Kingdom,English
54,61,Female,White,United Kingdom,United Kingdom,United Kingdom,English
55,52,Female,White,United Kingdom,United Kingdom,United Kingdom,English
56,79,Male,White,United Kingdom,United Kingdom,United Kingdom,English
57,29,Female,Black,Nigeria,United Kingdom,Nigeria,English
58,42,Male,White,United Kingdom,United Kingdom,United Kingdom,English
59,26,Female,White,United Kingdom,United Kingdom,United Kingdom,English
60,45,Female,White,United Kingdom,United Kingdom,United Kingdom,English
61,53,Male,White,United Kingdom,United Kingdom,United Kingdom,English
62,55,Male,White,United Kingdom,United Kingdom,United Kingdom,English
63,51,Female,White,United Kingdom,United Kingdom,United Kingdom,English
64,56,Male,White,United Kingdom,United Kingdom,United Kingdom,English
65,63,Male,White,United Kingdom,United Kingdom,NaN,English
66,62,Male,White,United Kingdom,United Kingdom,United Kingdom,English
67,44,Female,White,South Africa,United Kingdom,South Africa,English
68,53,Female,Mixed,United Kingdom,United Kingdom,United Kingdom,English
69,37,Male,Asian,United Kingdom,United Kingdom,United Kingdom,Chinese
70,54,Male,White,United Kingdom,United Kingdom,United Kingdom,English
71,46,Male,White,United Kingdom,United Kingdom,United Kingdom,English
72,59,Female,White,United Kingdom,United Kingdom,United Kingdom,English
73,55,Male,White,United Kingdom,United Kingdom,United Kingdom,English
74,50,Female,White,United Kingdom,United Kingdom,United Kingdom,English
75,56,Female,White,United Kingdom,United Kingdom,United Kingdom,English
76,35,Male,Black,Nigeria,United Kingdom,Nigeria,English
77,21,Female,White,United Kingdom,United Kingdom,United Kingdom,English
78,68,Female,White,United Kingdom,United Kingdom,United Kingdom,English
79,48,Male,White,United Kingdom,United Kingdom,United Kingdom,English
80,28,Male,White,United Kingdom,United Kingdom,United Kingdom,English
81,39,Male,White,United Kingdom,United Kingdom,United Kingdom,English
82,61,Male,White,United Kingdom,United Kingdom,United Kingdom,English
83,82,Male,White,United Kingdom,United Kingdom,United Kingdom,English
84,35,Male,Black,Nigeria,United Kingdom,United Kingdom,English
85,31,Male,White,United Kingdom,United Kingdom,United Kingdom,English
86,63,Female,White,United Kingdom,United Kingdom,United Kingdom,English
87,43,Female,White,Germany,United Kingdom,Germany,German
88,38,Male,White,United Kingdom,United Kingdom,United Kingdom,English
89,39,Male,White,United Kingdom,United Kingdom,United Kingdom,English
90,61,Male,Black,Nigeria,United States,Nigeria,English
91,64,Female,White,United Kingdom,United Kingdom,United Kingdom,English
92,32,Male,White,Poland,United Kingdom,Poland,Polish
93,52,Female,White,United Kingdom,United Kingdom,United Kingdom,English
94,64,Male,White,United Kingdom,United Kingdom,United Kingdom,English
95,49,Male,White,United Kingdom,United Kingdom,United Kingdom,English
96,28,Female,White,United Kingdom,United Kingdom,United Kingdom,English
97,70,Male,Other,Ireland,United Kingdom,United Kingdom,English
98,51,Female,White,United Kingdom,United Kingdom,United Kingdom,English
99,24,Male,White,United Kingdom,United Kingdom,United Kingdom,English
100,47,Female,White,United Kingdom,United Kingdom,United Kingdom,English
101,39,Male,White,United Kingdom,United Kingdom,United Kingdom,English
102,29,Male,Black,Nigeria,United Kingdom,Nigeria,English
103,52,Female,White,United Kingdom,United Kingdom,United Kingdom,English
104,64,Male,White,United Kingdom,United Kingdom,United Kingdom,English
105,25,Female,Asian,Philippines,United Kingdom,United Kingdom,Tagalog-Filipino
106,54,Female,White,United Kingdom,United Kingdom,United Kingdom,English
107,72,Female,White,United Kingdom,United Kingdom,United Kingdom,English
108,40,Female,White,United States,United States,United States,English
109,73,Male,White,United Kingdom,United Kingdom,United Kingdom,English
110,38,Male,White,United Kingdom,United Kingdom,United Kingdom,English
111,54,Male,White,United Kingdom,United Kingdom,United Kingdom,English
112,30,Male,White,United Kingdom,United Kingdom,United Kingdom,English
113,59,Male,White,United Kingdom,United Kingdom,United Kingdom,English
114,63,Female,White,United Kingdom,United Kingdom,United Kingdom,English
115,34,Female,White,United Kingdom,United Kingdom,United Kingdom,English
116,56,Female,White,United Kingdom,United Kingdom,United Kingdom,English
117,62,Female,White,United Kingdom,United Kingdom,United Kingdom,English
118,43,Male,White,United Kingdom,United Kingdom,United Kingdom,English
119,60,Male,White,United Kingdom,United Kingdom,United Kingdom,English
120,37,Female,Mixed,United States,United States,United States,English
121,28,Male,White,United Kingdom,United Kingdom,United Kingdom,English
122,30,Male,Asian,Taiwan,United States,United States,Mandarin
123,37,Male,Black,Nigeria,United Kingdom,Nigeria,English
124,25,Female,White,France,United Kingdom,France,French
125,74,Male,White,United Kingdom,United Kingdom,United Kingdom,English
126,54,Female,White,United Kingdom,United Kingdom,United Kingdom,English
127,29,Female,White,United States,United States,United States,English
128,61,Female,White,United Kingdom,United Kingdom,United Kingdom,English
129,52,Male,White,United Kingdom,United Kingdom,United Kingdom,English
130,35,Male,Black,Nigeria,United States,Nigeria,English
131,40,Male,White,United Kingdom,United Kingdom,United Kingdom,English
132,56,Female,White,Ireland,United Kingdom,Ireland,English
133,47,Female,White,United Kingdom,United Kingdom,United Kingdom,English
134,62,Male,White,United Kingdom,United Kingdom,United Kingdom,English
135,65,Male,White,United Kingdom,United Kingdom,United Kingdom,English
136,60,Male,White,United Kingdom,United Kingdom,United Kingdom,English
137,65,Female,White,Cyprus,United Kingdom,United Kingdom,English
138,31,Male,Black,Nigeria,United Kingdom,United Kingdom,English
139,59,Male,White,United Kingdom,United Kingdom,United Kingdom,English
140,25,Female,Black,Nigeria,United Kingdom,Nigeria,English
141,49,Male,White,United Kingdom,United Kingdom,United Kingdom,English
142,52,Male,White,United Kingdom,United Kingdom,United Kingdom,English
143,62,Female,White,United Kingdom,United Kingdom,United Kingdom,English
144,46,Female,White,United Kingdom,United Kingdom,United Kingdom,English
145,45,Male,White,Brazil,United Kingdom,Italy,Portuguese
146,47,Male,White,United Kingdom,United Kingdom,United Kingdom,English
147,63,Male,White,United Kingdom,United Kingdom,United Kingdom,English
148,44,Female,White,United Kingdom,United Kingdom,United Kingdom,English
149,44,Male,White,United States,United Kingdom,United Kingdom,English
150,61,Female,White,United Kingdom,United Kingdom,United Kingdom,English
151,56,Male,White,United Kingdom,United Kingdom,United Kingdom,English
152,65,Female,White,United Kingdom,United Kingdom,United Kingdom,English
153,69,Female,White,Lithuania,United Kingdom,Lithuania,Lithuanian
154,53,Female,White,United Kingdom,United Kingdom,United Kingdom,English
155,56,Male,White,United Kingdom,United Kingdom,United Kingdom,English
156,37,Male,White,United Kingdom,United Kingdom,United Kingdom,English
157,23,Male,Asian,United Kingdom,United Kingdom,United Kingdom,English
158,39,Male,White,United Kingdom,United Kingdom,United Kingdom,English
159,31,Male,White,United Kingdom,United Kingdom,United Kingdom,English
160,27,Female,White,United Kingdom,United Kingdom,United Kingdom,English
161,68,Male,White,United Kingdom,United Kingdom,United Kingdom,English
162,63,Male,White,United Kingdom,United Kingdom,United Kingdom,English
163,35,Male,White,United Kingdom,United Kingdom,United Kingdom,English
164,57,Female,White,United Kingdom,United Kingdom,United Kingdom,English
165,43,Male,White,United Kingdom,United Kingdom,United Kingdom,English
166,65,Female,White,United Kingdom,United Kingdom,United Kingdom,English
167,76,Female,White,United Kingdom,United Kingdom,United Kingdom,English
168,62,Male,White,United Kingdom,United Kingdom,United Kingdom,English
169,41,Male,White,United Kingdom,United Kingdom,United Kingdom,English
170,36,Female,White,Australia,United Kingdom,Australia,English
171,53,Male,White,United Kingdom,United Kingdom,United Kingdom,English
172,41,Female,White,United Kingdom,United Kingdom,United Kingdom,English
173,69,Female,White,United Kingdom,United Kingdom,United Kingdom,English
174,63,Female,White,United Kingdom,United Kingdom,United Kingdom,English
175,37,Male,Asian,United States,United States,Korea,Korean
176,55,Female,White,United Kingdom,United Kingdom,United Kingdom,English
177,65,Male,White,United Kingdom,United Kingdom,United Kingdom,English
178,67,Male,White,United Kingdom,United Kingdom,United Kingdom,English
179,49,Female,White,Australia,United Kingdom,United Kingdom,English
180,33,Female,Mixed,United Kingdom,United Kingdom,United Kingdom,English
181,64,Female,White,United Kingdom,United Kingdom,United Kingdom,English
182,28,Male,Black,United Kingdom,United Kingdom,United Kingdom,English
183,57,Female,White,United Kingdom,United Kingdom,United Kingdom,English
184,64,Male,White,United Kingdom,United Kingdom,United Kingdom,English
185,65,Female,White,United Kingdom,United Kingdom,United Kingdom,English
186,70,Male,White,United Kingdom,United Kingdom,United Kingdom,English
187,65,Female,White,United Kingdom,United Kingdom,United Kingdom,English
188,31,Female,White,United Kingdom,United Kingdom,United Kingdom,English
189,57,Female,White,United Kingdom,United Kingdom,United Kingdom,English
190,53,Female,White,United Kingdom,United Kingdom,United Kingdom,English
191,36,Male,White,United Kingdom,United Kingdom,United Kingdom,English
192,35,Male,White,United Kingdom,United Kingdom,United Kingdom,English
193,32,Female,Mixed,United Kingdom,United Kingdom,United Kingdom,English
194,29,Male,White,United Kingdom,United Kingdom,United Kingdom,English
195,24,Female,White,Algeria,United States,Algeria,Arabic
196,65,Male,White,United Kingdom,United Kingdom,United Kingdom,English
197,52,Female,White,United Kingdom,United Kingdom,United Kingdom,English
198,32,Female,White,Netherlands,United Kingdom,Netherlands,English
199,68,Male,White,United Kingdom,United Kingdom,United Kingdom,English
200,57,Female,NaN,NaN,United Kingdom,United Kingdom,English
201,63,Male,White,United Kingdom,United Kingdom,United Kingdom,English
202,45,Male,White,United Kingdom,United Kingdom,United Kingdom,English
203,26,Male,White,United Kingdom,United Kingdom,United Kingdom,English
204,66,Female,White,United Kingdom,United Kingdom,United Kingdom,English
205,27,Male,Black,NaN,United Kingdom,United Kingdom,English
206,41,Female,White,United Kingdom,United Kingdom,United Kingdom,English
207,48,Male,White,United Kingdom,United Kingdom,United Kingdom,English
208,30,Female,White,United Kingdom,United Kingdom,United Kingdom,English
209,34,Male,White,United Kingdom,United Kingdom,United Kingdom,English
210,29,Female,White,United Kingdom,United Kingdom,United Kingdom,English
211,25,Female,Black,Nigeria,United Kingdom,Nigeria,English
212,52,Female,White,United Kingdom,United Kingdom,United Kingdom,English
213,39,Female,White,United Kingdom,United Kingdom,United Kingdom,English
214,53,Female,White,United Kingdom,United Kingdom,United Kingdom,English
215,47,Male,White,United Kingdom,United Kingdom,United Kingdom,English
216,41,Male,White,United Kingdom,United Kingdom,United Kingdom,English
217,33,Female,White,United Kingdom,United Kingdom,United Kingdom,English
218,43,Male,White,United Kingdom,United Kingdom,United Kingdom,English
219,21,Male,White,United Kingdom,United Kingdom,United Kingdom,English
220,20,Male,Asian,United Kingdom,United Kingdom,United Kingdom,English
221,39,Female,White,Lithuania,United Kingdom,United Kingdom,English
222,44,Male,White,United Kingdom,United Kingdom,United Kingdom,English
223,67,Female,White,United Kingdom,United Kingdom,United Kingdom,English
224,61,Female,White,United Kingdom,United Kingdom,United Kingdom,English
225,68,Male,White,United Kingdom,United Kingdom,United Kingdom,English
226,32,Female,White,United Kingdom,United Kingdom,United Kingdom,English
227,57,Male,White,United Kingdom,United Kingdom,United Kingdom,English
228,71,Male,White,United Kingdom,United Kingdom,United Kingdom,English
229,74,Female,White,United Kingdom,United Kingdom,United Kingdom,English
230,26,Female,White,Portugal,United Kingdom,Portugal,Portuguese
231,35,Female,White,United Kingdom,United Kingdom,United Kingdom,English
232,42,Male,White,Croatia,United Kingdom,Croatia,Serbian
233,58,Male,White,United Kingdom,United Kingdom,United Kingdom,English
234,40,Male,Asian,United Kingdom,United Kingdom,United Kingdom,English
235,26,Female,White,United Kingdom,United Kingdom,United Kingdom,English
236,26,Female,Asian,China,United Kingdom,United Kingdom,Chinese
237,46,Male,White,United Kingdom,United Kingdom,United Kingdom,English
238,51,Female,White,United Kingdom,United Kingdom,United Kingdom,English
239,47,Male,White,United Kingdom,United Kingdom,United Kingdom,English
240,61,Female,White,United Kingdom,United Kingdom,United Kingdom,English
241,42,Female,Black,Nigeria,United Kingdom,Nigeria,English
242,42,Male,White,United Kingdom,United Kingdom,United Kingdom,Welsh
243,48,Female,Mixed,United Kingdom,United Kingdom,United Kingdom,English
244,27,Female,Asian,Korea,United Kingdom,Korea,Korean
245,42,Female,White,United Kingdom,United Kingdom,United Kingdom,English
246,54,Female,White,United Kingdom,United Kingdom,United Kingdom,English
247,52,Male,White,United Kingdom,United Kingdom,United Kingdom,English
248,66,Female,White,United Kingdom,United Kingdom,United Kingdom,English
249,76,Male,White,United Kingdom,United Kingdom,United Kingdom,English
250,41,Male,Asian,India,United Kingdom,India,Tamil
251,72,Female,White,United Kingdom,United Kingdom,United Kingdom,English
252,45,Male,White,United Kingdom,United Kingdom,United Kingdom,English
253,20,Female,White,United Kingdom,United Kingdom,United Kingdom,English
254,54,Female,White,United Kingdom,United Kingdom,United Kingdom,English
255,43,Male,Asian,Hong Kong,United Kingdom,United Kingdom,English
256,60,Female,White,United Kingdom,United Kingdom,United Kingdom,English
257,44,Female,White,United Kingdom,United Kingdom,United Kingdom,English
258,29,Male,Mixed,United Kingdom,United Kingdom,United Kingdom,English
259,53,Female,White,United Kingdom,United Kingdom,United Kingdom,English
260,24,Female,White,Italy,United Kingdom,Italy,Italian
261,33,Male,White,United Kingdom,United Kingdom,United Kingdom,English
262,46,Female,White,United Kingdom,United Kingdom,United Kingdom,English
263,50,Female,White,Ireland,United Kingdom,Ireland,English
264,61,Male,White,United Kingdom,United Kingdom,United Kingdom,English
265,60,Female,White,United Kingdom,United Kingdom,United Kingdom,English
266,63,Male,White,United Kingdom,United Kingdom,United Kingdom,English
267,59,Female,White,United States,United States,United States,English
268,34,Female,Asian,NaN,United Kingdom,United Kingdom,English
269,30,Male,White,United Kingdom,United Kingdom,United Kingdom,English
270,25,Female,Asian,Philippines,United States,Philippines,Tagalog-Filipino
271,60,Female,White,United Kingdom,United Kingdom,United Kingdom,English
272,42,Male,White,France,United Kingdom,France,French
273,76,Female,White,United Kingdom,United Kingdom,United Kingdom,English
274,20,Male,White,United Kingdom,United Kingdom,United Kingdom,English
275,24,Female,Asian,United Kingdom,United Kingdom,United Kingdom,English
276,68,Female,White,United Kingdom,United Kingdom,United Kingdom,English
277,66,Female,White,United Kingdom,United Kingdom,United Kingdom,English
278,58,Female,White,United Kingdom,United Kingdom,United Kingdom,English
279,39,Male,White,United Kingdom,United Kingdom,United Kingdom,English
280,71,Female,Mixed,Austria,United Kingdom,United Kingdom,German
281,36,Male,White,United Kingdom,United Kingdom,United Kingdom,English
282,45,Male,Other,Colombia,United Kingdom,United Kingdom,Spanish
283,46,Female,White,India,United Kingdom,United Kingdom,English
284,38,Male,White,United Kingdom,United Kingdom,United Kingdom,English
285,26,Male,Asian,United States,United States,United States,Bengali
286,55,Male,White,United Kingdom,United Kingdom,United Kingdom,English
287,43,Female,White,United Kingdom,United Kingdom,United Kingdom,English
288,46,Female,White,United Kingdom,United Kingdom,United Kingdom,English
289,55,Male,White,United Kingdom,United Kingdom,United Kingdom,English
290,60,Male,White,United Kingdom,United Kingdom,United Kingdom,English
291,41,Male,White,United Kingdom,United Kingdom,United Kingdom,English
292,31,Female,Asian,China,United Kingdom,China,Chinese
293,34,Female,White,United Kingdom,United Kingdom,United Kingdom,English
294,47,Male,White,United Kingdom,United Kingdom,United Kingdom,English
295,32,Female,White,United Kingdom,United Kingdom,United Kingdom,English
296,40,Male,Asian,United Kingdom,United Kingdom,United Kingdom,English
297,60,Male,White,United Kingdom,United Kingdom,Ireland,English
298,41,Male,Asian,United Kingdom,United Kingdom,United Kingdom,English
299,32,Female,White,United Kingdom,United Kingdom,United Kingdom,English
300,27,Female,White,United Kingdom,United Kingdom,United Kingdom,English
301,51,Female,Black,United Kingdom,United Kingdom,United Kingdom,English
302,54,Female,White,United Kingdom,United Kingdom,United Kingdom,English
303,41,Female,White,Ireland,United Kingdom,Ireland,English
304,37,Female,White,United Kingdom,United Kingdom,United Kingdom,English
305,50,Male,White,United Kingdom,United Kingdom,United Kingdom,English
306,39,Female,White,United Kingdom,United Kingdom,United Kingdom,English
307,51,Female,White,United Kingdom,United Kingdom,United Kingdom,English
308,37,Male,White,United Kingdom,United Kingdom,United Kingdom,English
309,44,Male,White,United Kingdom,United Kingdom,United Kingdom,English
310,74,Male,White,United Kingdom,United Kingdom,Ireland,English
311,32,Female,White,United Kingdom,United Kingdom,Ireland,English
312,44,Female,White,Canada,United Kingdom,United Kingdom,English
313,59,Male,White,United Kingdom,United Kingdom,United Kingdom,English
314,58,Male,White,United Kingdom,United Kingdom,United Kingdom,English
315,45,Male,White,United Kingdom,United Kingdom,United Kingdom,English
316,58,Male,White,United Kingdom,United Kingdom,United Kingdom,English
317,56,Female,White,United Kingdom,United Kingdom,United Kingdom,English
318,66,Male,White,United Kingdom,United Kingdom,United Kingdom,English
319,30,Female,White,United Kingdom,United Kingdom,United Kingdom,English
320,32,Female,White,United Kingdom,United Kingdom,United Kingdom,English
321,57,Male,White,United Kingdom,United Kingdom,United Kingdom,English
322,59,Female,White,United Kingdom,United Kingdom,United Kingdom,English
323,59,Female,White,United Kingdom,United Kingdom,United Kingdom,English
324,39,Female,White,United Kingdom,United Kingdom,United Kingdom,English
325,44,Female,White,United Kingdom,United Kingdom,United Kingdom,English
326,41,Male,White,United Kingdom,United Kingdom,United Kingdom,English
327,72,Female,White,United Kingdom,United Kingdom,United Kingdom,English
328,23,Male,White,United Kingdom,United Kingdom,United Kingdom,English
329,63,Male,White,United Kingdom,United Kingdom,United Kingdom,English
330,53,Male,White,Ireland,United Kingdom,Ireland,English
331,43,Male,White,United States,United States,United States,English
332,64,Male,White,United Kingdom,United Kingdom,United Kingdom,English
333,41,Male,White,United Kingdom,United Kingdom,United Kingdom,English
334,41,Female,White,United Kingdom,United Kingdom,United Kingdom,English
335,72,Female,White,United Kingdom,United Kingdom,United Kingdom,English
336,63,Female,White,United Kingdom,United Kingdom,United Kingdom,English
337,45,Female,White,United Kingdom,United Kingdom,United Kingdom,English
338,27,Female,White,United Kingdom,United Kingdom,United Kingdom,English
339,36,Female,White,United Kingdom,United Kingdom,United Kingdom,English
340,66,Female,White,United Kingdom,United Kingdom,United Kingdom,English
341,27,Male,White,United Kingdom,United Kingdom,United Kingdom,English
342,23,Female,White,United Kingdom,United Kingdom,United Kingdom,English
343,47,Female,Asian,Malaysia,United Kingdom,Malaysia,English
344,45,Female,White,United Kingdom,United Kingdom,United Kingdom,English
345,47,Male,White,United Kingdom,United Kingdom,United Kingdom,English
346,53,Female,White,United Kingdom,United Kingdom,United Kingdom,English
347,65,Female,White,United Kingdom,United Kingdom,United Kingdom,English
348,71,Female,White,United Kingdom,United Kingdom,United Kingdom,English
349,58,Male,White,United Kingdom,United Kingdom,United Kingdom,English
350,62,Female,White,United Kingdom,United Kingdom,United Kingdom,English
351,55,Female,White,United Kingdom,United Kingdom,United Kingdom,English
352,52,Male,White,United Kingdom,United Kingdom,United Kingdom,English
353,25,Male,Black,Nigeria,United Kingdom,Nigeria,English
354,44,Female,White,United Kingdom,United Kingdom,United Kingdom,English
355,29,Female,White,Poland,United Kingdom,United Kingdom,Polish
356,61,Male,White,United Kingdom,United Kingdom,United Kingdom,English
357,62,Female,White,United Kingdom,United Kingdom,United Kingdom,English
358,33,Male,White,United Kingdom,United Kingdom,United Kingdom,English
359,53,Female,White,United Kingdom,United Kingdom,United Kingdom,English
360,66,Female,White,United Kingdom,United Kingdom,United Kingdom,English
361,58,Male,White,United Kingdom,United Kingdom,United Kingdom,English
362,38,Female,White,United Kingdom,United Kingdom,United Kingdom,English
363,61,Male,White,United Kingdom,United Kingdom,United Kingdom,English
364,38,Female,Asian,United Kingdom,United Kingdom,United Kingdom,English
365,22,Male,Black,Nigeria,United Kingdom,Nigeria,English
366,77,Female,White,United Kingdom,United Kingdom,United Kingdom,English
367,46,Male,Asian,United Kingdom,United Kingdom,United Kingdom,English
368,22,Female,White,United Kingdom,United Kingdom,United Kingdom,English
369,68,Female,White,United Kingdom,United Kingdom,United Kingdom,English
370,69,Male,White,United Kingdom,United Kingdom,United Kingdom,English
371,28,Female,White,Luxembourg,United Kingdom,Luxembourg,German
372,43,Male,White,United Kingdom,United Kingdom,United Kingdom,English
373,32,Female,White,United Kingdom,United Kingdom,United Kingdom,English
374,49,Male,White,United Kingdom,United Kingdom,United Kingdom,English
375,25,Female,Black,Kenya,United Kingdom,Kenya,English
376,60,Female,White,United States,United States,United States,English
377,66,Female,White,United Kingdom,United kingdom,United kingdom,English
378,56,Female,White,South Africa,United Kingdom,United Kingdom,English
379,33,Male,White,United Kingdom,United Kingdom,United Kingdom,English
380,27,Male,White,United Kingdom,United Kingdom,United Kingdom,English
381,52,Female,White,United Kingdom,United Kingdom,United Kingdom,English
382,65,Female,White,United Kingdom,United Kingdom,United Kingdom,English
383,18,Male,Other,United Kingdom,United Kingdom,United Kingdom,English
384,37,Male,Asian,India,United Kingdom,United Kingdom,Hindi
385,45,Female,White,United Kingdom,United Kingdom,United Kingdom,English
386,59,Male,White,Isle of Man,United Kingdom,United Kingdom,English
387,33,Male,Black,Nigeria,United Kingdom,Nigeria,Other
388,30,Female,White,United Kingdom,United Kingdom,United Kingdom,English
389,27,Male,Black,Nigeria,United Kingdom,Nigeria,English
390,32,Male,White,United Kingdom,United Kingdom,United Kingdom,English
391,36,Female,White,United Kingdom,United Kingdom,United Kingdom,English
392,26,Male,White,United Kingdom,United Kingdom,United Kingdom,English
393,32,Male,White,United Kingdom,United Kingdom,United Kingdom,English
394,47,Male,White,United Kingdom,United Kingdom,United Kingdom,English
395,62,Male,White,United Kingdom,United Kingdom,United Kingdom,English
396,46,Male,White,United Kingdom,United Kingdom,United Kingdom,English
397,50,Male,White,United Kingdom,United Kingdom,United Kingdom,English
398,51,Female,White,United Kingdom,United Kingdom,United Kingdom,English
399,42,Male,Mixed,United Kingdom,United Kingdom,United Kingdom,English
400,41,Female,Asian,United Kingdom,United Kingdom,United Kingdom,English
401,67,Female,Black,Nigeria,United States,Nigeria,English
402,68,Female,White,United Kingdom,United Kingdom,United Kingdom,English
403,32,Male,White,United Kingdom,United Kingdom,United Kingdom,English
404,51,Male,White,United Kingdom,United Kingdom,United Kingdom,English
405,52,Female,White,United Kingdom,United Kingdom,United Kingdom,English
406,46,Male,White,United Kingdom,United Kingdom,United Kingdom,English
407,36,Male,White,United Kingdom,United Kingdom,United Kingdom,English
408,28,Male,White,United States,United States,United States,English
409,38,Female,White,United Kingdom,United Kingdom,United Kingdom,English
410,40,Female,White,United Kingdom,United Kingdom,United Kingdom,English
411,27,Female,Other,United Kingdom,United Kingdom,United Kingdom,English
412,67,Male,White,United Kingdom,United Kingdom,United Kingdom,English
413,33,Female,White,Italy,United Kingdom,Italy,Italian
414,37,Female,White,United States,United States,United States,English
415,55,Female,White,United Kingdom,United Kingdom,United Kingdom,English
416,51,Female,White,United Kingdom,United Kingdom,United Kingdom,English
417,37,Female,White,United Kingdom,United Kingdom,United Kingdom,English
418,29,Female,Black,Nigeria,United Kingdom,Nigeria,English
419,79,Female,White,United Kingdom,United Kingdom,United Kingdom,English
420,45,Male,Asian,United Kingdom,United Kingdom,United Kingdom,English
421,37,Male,White,United Kingdom,United Kingdom,United Kingdom,English
422,58,Female,White,United Kingdom,United Kingdom,United Kingdom,English
423,57,Female,White,United Kingdom,United Kingdom,United Kingdom,English
424,61,Male,White,United Kingdom,United Kingdom,United Kingdom,English
425,50,Female,White,United Kingdom,United Kingdom,United Kingdom,English
426,20,Female,White,United Kingdom,United Kingdom,United Kingdom,English
427,42,Male,White,United Kingdom,United Kingdom,United Kingdom,English
428,30,Male,Black,Zimbabwe,United Kingdom,Zimbabwe,Other
429,26,Female,White,United Kingdom,United Kingdom,United Kingdom,English
430,32,Male,Black,Nigeria,United Kingdom,Nigeria,English
431,38,Female,White,United Kingdom,United Kingdom,United Kingdom,English
432,39,Male,White,United Kingdom,United Kingdom,United Kingdom,English
433,20,Female,White,United Kingdom,United Kingdom,United Kingdom,English
434,64,Female,White,United Kingdom,United Kingdom,United Kingdom,English
435,56,Male,White,United Kingdom,United Kingdom,United Kingdom,English
436,60,Male,White,United Kingdom,United Kingdom,United Kingdom,English
437,59,Male,White,United Kingdom,United Kingdom,United Kingdom,English
438,45,Male,Mixed,United Kingdom,United Kingdom,United Kingdom,English
439,62,Female,White,United Kingdom,United Kingdom,United Kingdom,English
440,64,Male,Black,Nigeria,United States,NaN,English
441,39,Female,White,Germany,United Kingdom,Germany,German
442,53,Female,White,United Kingdom,United Kingdom,United Kingdom,English
443,31,Male,White,United Kingdom,United Kingdom,United Kingdom,English
444,NaN,NaN,NaN,NaN,NaN,NaN,NaN
445,NaN,NaN,NaN,NaN,NaN,NaN,NaN
